transaction_id,user_id,product_id,quantity,unit_price,total_amount,discount_applied,final_amount,payment_method,transaction_date,delivery_address,order_status,shipping_cost,delivery_date
txn_b9c5b721,user_00199,prod_00176,2,778.57,1557.14,110.64,1446.5,e_wallet,2026-02-06 12:35:17,"Bandung, Indonesia",completed,23.26,2026-02-13
txn_47476b1d,user_00216,prod_00063,1,1436.92,1436.92,72.1,1364.82,e_wallet,2026-01-08 12:35:17,"Tangerang, Indonesia",completed,18.7,2026-01-12
txn_6a185429,user_00677,prod_00165,3,1400.99,4202.97,726.24,3476.73,debit_card,2026-02-06 12:35:17,"Medan, Indonesia",pending,16.01,2026-02-13
txn_2dbc0341,user_00752,prod_00215,3,949.08,2847.24,285.74,2561.5,bank_transfer,2025-12-09 12:35:17,"Jakarta, Indonesia",processing,18.06,2025-12-16
txn_2a269c27,user_00761,prod_00052,1,225.82,225.82,39.12,186.7,bank_transfer,2026-01-17 12:35:17,"Palembang, Indonesia",completed,26.89,2026-01-22
txn_1114d933,user_00298,prod_00138,2,1819.44,3638.88,446.04,3192.84,credit_card,2025-12-28 12:35:17,"Bandung, Indonesia",completed,18.31,2026-01-03
txn_ffbf5868,user_00569,prod_00440,1,325.32,325.32,9.95,315.37,credit_card,2026-01-22 12:35:17,"Surabaya, Indonesia",pending,12.3,2026-01-26
txn_e23abbd8,user_00432,prod_00219,2,1655.93,3311.86,596.39,2715.47,bank_transfer,2025-12-04 12:35:17,"Palembang, Indonesia",completed,12.3,2025-12-09
txn_78a06a70,user_00861,prod_00383,1,940.0,940.0,69.08,870.92,debit_card,2025-11-19 12:35:17,"Depok, Indonesia",completed,16.02,2025-11-23
txn_fa10446d,user_00827,prod_00447,1,1445.69,1445.69,130.28,1315.41,e_wallet,2025-12-26 12:35:17,"Makassar, Indonesia",cancelled,20.56,2026-01-01
txn_04a2234b,user_00995,prod_00043,3,1310.24,3930.72,76.6,3854.12,e_wallet,2025-11-29 12:35:17,"Palembang, Indonesia",completed,22.45,2025-12-05
txn_62eba9a9,user_00665,prod_00476,2,297.28,594.56,58.4,536.16,e_wallet,2025-12-18 12:35:17,"Surabaya, Indonesia",completed,27.25,2025-12-21
txn_87684c93,user_00786,prod_00499,2,1014.01,2028.02,376.3,1651.72,credit_card,2026-02-06 12:35:17,"Jakarta, Indonesia",processing,24.87,2026-02-09
txn_7c56faad,user_00353,prod_00454,1,679.89,679.89,15.52,664.37,credit_card,2026-01-21 12:35:17,"Surabaya, Indonesia",pending,29.79,2026-01-26
txn_05139573,user_00158,prod_00293,3,167.94,503.82,21.51,482.31,bank_transfer,2026-02-06 12:35:17,"Surabaya, Indonesia",completed,10.22,2026-02-10
txn_36aa5724,user_00378,prod_00073,2,1074.37,2148.74,80.2,2068.54,debit_card,2025-12-14 12:35:17,"Surabaya, Indonesia",pending,14.89,2025-12-20
txn_1baf2a36,user_00555,prod_00327,1,751.17,751.17,113.96,637.21,debit_card,2026-01-01 12:35:17,"Surabaya, Indonesia",completed,15.28,2026-01-03
txn_20d8a4c5,user_00771,prod_00222,2,1290.33,2580.66,303.64,2277.02,e_wallet,2025-11-14 12:35:17,"Makassar, Indonesia",pending,20.22,2025-11-17
txn_9a9e62b4,user_00186,prod_00063,1,1436.92,1436.92,252.14,1184.78,credit_card,2026-01-30 12:35:17,"Bandung, Indonesia",cancelled,18.62,2026-02-05
txn_d5539a3c,user_00334,prod_00438,1,636.85,636.85,31.04,605.81,e_wallet,2025-12-05 12:35:17,"Semarang, Indonesia",completed,22.98,2025-12-11
txn_51d82d59,user_00639,prod_00247,1,78.49,78.49,10.27,68.22,debit_card,2025-12-18 12:35:17,"Palembang, Indonesia",pending,29.61,2025-12-21
txn_1323a039,user_00426,prod_00384,3,721.31,2163.93,84.45,2079.48,bank_transfer,2026-01-26 12:35:17,"Surabaya, Indonesia",completed,28.15,2026-01-30
txn_ff538558,user_00077,prod_00256,3,870.54,2611.62,247.19,2364.43,credit_card,2026-01-02 12:35:17,"Medan, Indonesia",processing,14.03,2026-01-04
txn_f3779d86,user_00375,prod_00159,2,67.42,134.84,22.59,112.25,bank_transfer,2026-02-02 12:35:17,"Depok, Indonesia",processing,27.24,2026-02-07
txn_9c3e1b30,user_00642,prod_00280,3,506.77,1520.31,53.24,1467.07,debit_card,2025-11-16 12:35:17,"Jakarta, Indonesia",processing,17.18,2025-11-19
txn_fd63c5b9,user_00270,prod_00490,2,1256.1,2512.2,117.71,2394.49,credit_card,2025-12-28 12:35:17,"Jakarta, Indonesia",completed,24.15,2025-12-30
txn_4961aafa,user_00597,prod_00292,3,1212.5,3637.5,41.2,3596.3,credit_card,2026-01-05 12:35:17,"Bekasi, Indonesia",pending,20.47,2026-01-11
txn_4fdc9ce9,user_00526,prod_00305,2,1185.07,2370.14,74.73,2295.41,debit_card,2025-12-13 12:35:17,"Medan, Indonesia",completed,24.64,2025-12-17
txn_8aad1c13,user_00349,prod_00302,2,104.53,209.06,14.96,194.1,credit_card,2026-01-23 12:35:17,"Bandung, Indonesia",cancelled,22.44,2026-01-26
txn_7f887f2b,user_00554,prod_00480,1,408.33,408.33,15.3,393.03,credit_card,2025-11-19 12:35:17,"Semarang, Indonesia",completed,13.26,2025-11-26
txn_3d28a5f6,user_00403,prod_00228,1,80.59,80.59,9.81,70.78,credit_card,2025-11-13 12:35:17,"Bandung, Indonesia",completed,19.37,2025-11-20
txn_5f4b72e3,user_00527,prod_00071,1,508.13,508.13,8.14,499.99,debit_card,2026-01-16 12:35:17,"Makassar, Indonesia",processing,19.26,2026-01-18
txn_dabc547d,user_00378,prod_00045,2,399.8,799.6,94.47,705.13,bank_transfer,2025-11-13 12:35:17,"Surabaya, Indonesia",processing,20.38,2025-11-20
txn_9bbb5b82,user_00285,prod_00291,3,251.8,755.4,66.12,689.28,bank_transfer,2025-11-21 12:35:17,"Makassar, Indonesia",processing,12.46,2025-11-23
txn_e9eb9ced,user_00760,prod_00355,3,414.91,1244.73,112.15,1132.58,e_wallet,2025-11-29 12:35:17,"Medan, Indonesia",completed,12.17,2025-12-04
txn_d0660f2d,user_00871,prod_00078,2,733.29,1466.58,131.91,1334.67,debit_card,2026-01-01 12:35:17,"Bekasi, Indonesia",processing,27.85,2026-01-05
txn_fda8b446,user_00336,prod_00424,3,1294.43,3883.29,410.01,3473.28,e_wallet,2025-12-28 12:35:17,"Jakarta, Indonesia",completed,14.31,2026-01-03
txn_37567553,user_00381,prod_00400,1,1885.04,1885.04,190.67,1694.37,credit_card,2025-12-08 12:35:17,"Makassar, Indonesia",completed,29.21,2025-12-14
txn_2e2a13bb,user_00833,prod_00195,3,1099.98,3299.94,241.6,3058.34,e_wallet,2025-12-20 12:35:17,"Medan, Indonesia",completed,18.95,2025-12-23
txn_2f053411,user_00768,prod_00119,2,480.47,960.94,31.91,929.03,e_wallet,2025-11-27 12:35:17,"Jakarta, Indonesia",completed,26.05,2025-11-29
txn_a0eb63da,user_00976,prod_00229,3,1204.39,3613.17,520.16,3093.01,e_wallet,2026-01-27 12:35:17,"Bandung, Indonesia",completed,13.95,2026-01-29
txn_1bf1dd66,user_00992,prod_00001,2,1300.15,2600.3,224.34,2375.96,e_wallet,2025-12-25 12:35:17,"Surabaya, Indonesia",pending,19.97,2025-12-27
txn_11c07c0c,user_00604,prod_00422,3,1516.54,4549.62,238.67,4310.95,bank_transfer,2026-01-25 12:35:17,"Tangerang, Indonesia",completed,15.6,2026-01-28
txn_ac29f96b,user_00926,prod_00191,1,1212.45,1212.45,153.64,1058.81,credit_card,2026-01-05 12:35:17,"Bekasi, Indonesia",pending,20.56,2026-01-08
txn_324819e5,user_00346,prod_00146,2,429.23,858.46,54.79,803.67,debit_card,2025-12-18 12:35:17,"Makassar, Indonesia",cancelled,13.71,2025-12-24
txn_0ae86c68,user_00384,prod_00355,1,414.91,414.91,33.64,381.27,debit_card,2025-11-30 12:35:17,"Medan, Indonesia",pending,18.99,2025-12-07
txn_379639ed,user_00421,prod_00078,1,733.29,733.29,87.86,645.43,credit_card,2025-12-18 12:35:17,"Medan, Indonesia",completed,14.37,2025-12-25
txn_a35c5b69,user_00426,prod_00444,3,1029.61,3088.83,533.85,2554.98,credit_card,2026-02-07 12:35:17,"Surabaya, Indonesia",pending,26.77,2026-02-10
txn_ba95c2a4,user_00994,prod_00125,2,703.74,1407.48,202.63,1204.85,bank_transfer,2026-01-05 12:35:17,"Makassar, Indonesia",completed,17.02,2026-01-09
txn_88cb5525,user_00696,prod_00249,1,271.93,271.93,18.88,253.05,credit_card,2025-11-23 12:35:17,"Makassar, Indonesia",completed,28.2,2025-11-29
txn_cca94d8d,user_00408,prod_00367,2,544.16,1088.32,150.84,937.48,debit_card,2025-12-04 12:35:17,"Surabaya, Indonesia",pending,14.77,2025-12-10
txn_15badaef,user_00063,prod_00089,2,52.99,105.98,10.75,95.23,credit_card,2025-11-21 12:35:17,"Surabaya, Indonesia",pending,13.43,2025-11-26
txn_db1e6d2e,user_00663,prod_00405,2,634.23,1268.46,124.54,1143.92,debit_card,2026-01-21 12:35:17,"Medan, Indonesia",completed,22.46,2026-01-23
txn_0e3c6329,user_00308,prod_00047,3,1087.83,3263.49,623.08,2640.41,credit_card,2025-12-25 12:35:17,"Surabaya, Indonesia",completed,16.17,2025-12-30
txn_69819950,user_00385,prod_00436,1,1580.84,1580.84,201.87,1378.97,bank_transfer,2026-01-11 12:35:17,"Medan, Indonesia",completed,21.22,2026-01-14
txn_bd25632d,user_00331,prod_00090,1,701.65,701.65,67.19,634.46,e_wallet,2025-11-18 12:35:17,"Bekasi, Indonesia",pending,21.85,2025-11-23
txn_a70d41fc,user_00169,prod_00143,2,821.93,1643.86,53.35,1590.51,e_wallet,2025-12-17 12:35:17,"Depok, Indonesia",processing,21.0,2025-12-19
txn_aeb18c29,user_00745,prod_00002,3,713.89,2141.67,65.56,2076.11,credit_card,2025-12-02 12:35:17,"Makassar, Indonesia",processing,23.81,2025-12-09
txn_eaec7d0a,user_00867,prod_00437,2,1348.39,2696.78,370.1,2326.68,bank_transfer,2026-01-21 12:35:17,"Jakarta, Indonesia",pending,19.01,2026-01-28
txn_e06222c3,user_00667,prod_00088,2,719.36,1438.72,46.25,1392.47,credit_card,2025-11-21 12:35:17,"Depok, Indonesia",completed,14.49,2025-11-23
txn_51c420bf,user_00582,prod_00303,2,923.89,1847.78,44.9,1802.88,debit_card,2026-01-25 12:35:17,"Bekasi, Indonesia",completed,12.17,2026-01-27
txn_55625183,user_00378,prod_00207,1,1863.64,1863.64,182.6,1681.04,e_wallet,2025-11-17 12:35:17,"Surabaya, Indonesia",completed,15.79,2025-11-22
txn_55fa7c15,user_00098,prod_00105,3,600.47,1801.41,236.29,1565.12,bank_transfer,2025-11-13 12:35:17,"Bekasi, Indonesia",pending,19.52,2025-11-19
txn_c77737f5,user_00979,prod_00106,1,1413.34,1413.34,105.61,1307.73,credit_card,2026-01-24 12:35:17,"Surabaya, Indonesia",processing,24.56,2026-01-27
txn_25e6dc6f,user_00823,prod_00257,1,453.73,453.73,45.33,408.4,debit_card,2025-12-24 12:35:17,"Bekasi, Indonesia",processing,25.36,2025-12-26
txn_636adc9b,user_00821,prod_00177,3,572.56,1717.68,27.44,1690.24,debit_card,2026-01-14 12:35:17,"Depok, Indonesia",completed,18.46,2026-01-20
txn_df494236,user_00747,prod_00071,2,508.13,1016.26,104.56,911.7,credit_card,2026-01-16 12:35:17,"Depok, Indonesia",completed,26.61,2026-01-21
txn_f496f52c,user_00233,prod_00361,2,595.47,1190.94,26.65,1164.29,bank_transfer,2026-01-04 12:35:17,"Tangerang, Indonesia",processing,18.69,2026-01-11
txn_7d0ee38a,user_00988,prod_00481,2,129.08,258.16,3.42,254.74,bank_transfer,2026-01-11 12:35:17,"Jakarta, Indonesia",processing,29.82,2026-01-13
txn_7933d845,user_00985,prod_00026,2,1072.85,2145.7,114.36,2031.34,e_wallet,2026-01-30 12:35:17,"Bandung, Indonesia",completed,15.32,2026-02-02
txn_14434e45,user_00329,prod_00120,2,1080.39,2160.78,147.47,2013.31,e_wallet,2026-01-27 12:35:17,"Medan, Indonesia",processing,15.83,2026-01-31
txn_2a4eeafd,user_00013,prod_00246,1,784.98,784.98,78.82,706.16,e_wallet,2025-11-18 12:35:17,"Surabaya, Indonesia",completed,13.44,2025-11-22
txn_d71b5070,user_00071,prod_00445,1,439.56,439.56,43.38,396.18,bank_transfer,2025-12-31 12:35:17,"Medan, Indonesia",processing,28.96,2026-01-05
txn_8f04c894,user_00485,prod_00084,1,1584.23,1584.23,300.46,1283.77,e_wallet,2026-02-06 12:35:17,"Surabaya, Indonesia",completed,16.32,2026-02-10
txn_e53ef9a7,user_00905,prod_00232,1,925.91,925.91,128.74,797.17,debit_card,2025-11-21 12:35:17,"Bekasi, Indonesia",pending,11.77,2025-11-24
txn_95d11305,user_00777,prod_00423,2,1102.37,2204.74,419.89,1784.85,credit_card,2026-02-06 12:35:17,"Palembang, Indonesia",processing,20.35,2026-02-08
txn_fa873f4e,user_00354,prod_00088,2,719.36,1438.72,61.75,1376.97,e_wallet,2026-02-03 12:35:17,"Palembang, Indonesia",cancelled,24.93,2026-02-09
txn_018e0b15,user_00131,prod_00185,2,1305.61,2611.22,479.75,2131.47,credit_card,2025-12-10 12:35:17,"Surabaya, Indonesia",completed,15.78,2025-12-17
txn_27c107f0,user_00442,prod_00408,2,889.17,1778.34,179.56,1598.78,debit_card,2026-01-13 12:35:17,"Medan, Indonesia",processing,28.34,2026-01-16
txn_24649154,user_00391,prod_00219,2,1655.93,3311.86,116.96,3194.9,e_wallet,2025-12-08 12:35:17,"Bandung, Indonesia",pending,14.12,2025-12-14
txn_2f8d95ed,user_00573,prod_00029,1,700.15,700.15,74.29,625.86,bank_transfer,2026-01-01 12:35:17,"Tangerang, Indonesia",completed,28.22,2026-01-05
txn_0348cd94,user_00743,prod_00056,1,109.27,109.27,7.63,101.64,debit_card,2026-02-04 12:35:17,"Bandung, Indonesia",processing,13.64,2026-02-07
txn_1dedcaa0,user_00777,prod_00039,2,646.77,1293.54,138.19,1155.35,bank_transfer,2025-12-02 12:35:17,"Palembang, Indonesia",completed,20.13,2025-12-04
txn_d1197bea,user_00394,prod_00398,1,1084.38,1084.38,136.0,948.38,credit_card,2025-11-19 12:35:17,"Tangerang, Indonesia",cancelled,15.17,2025-11-24
txn_be94a9e1,user_00224,prod_00091,1,167.41,167.41,11.62,155.79,e_wallet,2026-01-20 12:35:17,"Tangerang, Indonesia",processing,12.34,2026-01-23
txn_a815636a,user_00208,prod_00266,1,1104.49,1104.49,169.63,934.86,bank_transfer,2026-01-27 12:35:17,"Surabaya, Indonesia",pending,19.44,2026-02-01
txn_1e2e0187,user_00565,prod_00288,3,1741.78,5225.34,200.2,5025.14,debit_card,2026-01-15 12:35:17,"Depok, Indonesia",completed,10.49,2026-01-17
txn_515b766c,user_00283,prod_00053,1,809.55,809.55,140.1,669.45,debit_card,2025-12-26 12:35:17,"Makassar, Indonesia",processing,21.07,2025-12-30
txn_b12985b4,user_00213,prod_00118,1,462.44,462.44,56.75,405.69,bank_transfer,2025-12-20 12:35:17,"Bandung, Indonesia",completed,13.38,2025-12-27
txn_ce5bebd4,user_00631,prod_00497,1,109.84,109.84,5.07,104.77,e_wallet,2026-01-19 12:35:17,"Tangerang, Indonesia",pending,14.8,2026-01-25
txn_4f7571d2,user_00473,prod_00239,3,871.12,2613.36,132.67,2480.69,e_wallet,2025-11-14 12:35:17,"Makassar, Indonesia",processing,14.71,2025-11-20
txn_e50aae09,user_00033,prod_00439,1,875.96,875.96,170.0,705.96,e_wallet,2026-01-04 12:35:17,"Palembang, Indonesia",processing,11.25,2026-01-08
txn_469ec61f,user_00216,prod_00271,3,593.5,1780.5,345.71,1434.79,bank_transfer,2026-01-27 12:35:17,"Tangerang, Indonesia",completed,16.34,2026-01-31
txn_54e9efcd,user_00758,prod_00257,2,453.73,907.46,18.5,888.96,bank_transfer,2025-12-11 12:35:17,"Depok, Indonesia",completed,25.88,2025-12-15
txn_75ee0a7a,user_00759,prod_00020,2,659.29,1318.58,170.38,1148.2,credit_card,2026-01-03 12:35:17,"Tangerang, Indonesia",completed,15.81,2026-01-07
txn_8207bcd2,user_00377,prod_00305,1,1185.07,1185.07,75.94,1109.13,e_wallet,2026-01-04 12:35:17,"Bekasi, Indonesia",processing,17.49,2026-01-10
txn_c2cac063,user_00661,prod_00270,3,1336.19,4008.57,167.7,3840.87,debit_card,2025-12-08 12:35:17,"Semarang, Indonesia",cancelled,11.85,2025-12-13
txn_635b76ab,user_00483,prod_00467,3,233.53,700.59,109.69,590.9,e_wallet,2025-11-25 12:35:17,"Makassar, Indonesia",pending,20.16,2025-11-29
txn_f6b2dba8,user_00131,prod_00350,3,1158.31,3474.93,427.92,3047.01,e_wallet,2025-11-28 12:35:17,"Surabaya, Indonesia",completed,20.47,2025-12-02
txn_d40f355b,user_00244,prod_00260,3,1034.64,3103.92,280.73,2823.19,debit_card,2026-01-23 12:35:17,"Tangerang, Indonesia",processing,22.29,2026-01-28
txn_ec86360b,user_00796,prod_00378,1,706.61,706.61,72.23,634.38,debit_card,2025-12-22 12:35:17,"Tangerang, Indonesia",processing,29.53,2025-12-29
txn_04c1843b,user_00865,prod_00206,1,72.86,72.86,4.33,68.53,credit_card,2025-11-22 12:35:17,"Bekasi, Indonesia",cancelled,28.46,2025-11-24
txn_734eb297,user_00589,prod_00272,3,1349.88,4049.64,402.72,3646.92,credit_card,2026-01-10 12:35:17,"Bekasi, Indonesia",processing,14.72,2026-01-12
txn_52fd8a94,user_00862,prod_00213,3,1270.95,3812.85,745.16,3067.69,e_wallet,2025-12-30 12:35:17,"Bekasi, Indonesia",processing,24.96,2026-01-02
txn_640e209d,user_00471,prod_00220,2,348.33,696.66,123.44,573.22,debit_card,2025-12-22 12:35:17,"Medan, Indonesia",completed,17.81,2025-12-25
txn_0e21b769,user_00422,prod_00336,3,375.05,1125.15,7.77,1117.38,credit_card,2025-12-29 12:35:17,"Bandung, Indonesia",completed,24.7,2025-12-31
txn_4c650e27,user_00047,prod_00077,3,657.12,1971.36,66.58,1904.78,e_wallet,2025-12-15 12:35:17,"Surabaya, Indonesia",completed,12.67,2025-12-22
txn_f5af9307,user_00409,prod_00273,1,970.43,970.43,126.27,844.16,credit_card,2026-01-14 12:35:17,"Makassar, Indonesia",completed,25.73,2026-01-17
txn_f4a8ad42,user_00195,prod_00407,1,1400.91,1400.91,69.28,1331.63,credit_card,2026-01-20 12:35:17,"Surabaya, Indonesia",processing,29.37,2026-01-27
txn_75176942,user_00662,prod_00325,3,969.46,2908.38,146.81,2761.57,bank_transfer,2025-11-15 12:35:17,"Bekasi, Indonesia",processing,28.15,2025-11-17
txn_44241b77,user_00925,prod_00418,1,436.59,436.59,40.77,395.82,credit_card,2025-11-29 12:35:17,"Bandung, Indonesia",processing,22.43,2025-12-01
txn_bfab78f7,user_00655,prod_00399,3,406.44,1219.32,194.78,1024.54,debit_card,2026-01-02 12:35:17,"Bekasi, Indonesia",pending,19.35,2026-01-09
txn_46a72c9a,user_00146,prod_00224,1,964.47,964.47,115.63,848.84,debit_card,2025-12-11 12:35:17,"Tangerang, Indonesia",processing,14.55,2025-12-18
txn_75f6dd2f,user_00320,prod_00461,3,1538.86,4616.58,482.73,4133.85,bank_transfer,2025-12-07 12:35:17,"Bekasi, Indonesia",completed,27.85,2025-12-14
txn_ac698014,user_00589,prod_00233,1,655.54,655.54,53.49,602.05,bank_transfer,2026-01-01 12:35:17,"Bekasi, Indonesia",pending,21.37,2026-01-08
txn_37f47e95,user_00320,prod_00187,3,718.21,2154.63,246.46,1908.17,e_wallet,2025-11-13 12:35:17,"Bekasi, Indonesia",completed,13.6,2025-11-19
txn_719b1e1d,user_00614,prod_00180,1,1169.89,1169.89,183.05,986.84,debit_card,2026-01-04 12:35:17,"Semarang, Indonesia",processing,19.48,2026-01-07
txn_b17fed5e,user_00985,prod_00175,2,584.85,1169.7,125.64,1044.06,e_wallet,2025-12-22 12:35:17,"Bandung, Indonesia",completed,15.9,2025-12-27
txn_818d529a,user_00502,prod_00106,2,1413.34,2826.68,458.13,2368.55,debit_card,2025-12-07 12:35:17,"Jakarta, Indonesia",completed,18.76,2025-12-11
txn_a2e9671e,user_00250,prod_00076,2,386.94,773.88,65.05,708.83,credit_card,2025-12-15 12:35:17,"Makassar, Indonesia",processing,21.63,2025-12-22
txn_693118e8,user_00436,prod_00356,2,1023.52,2047.04,24.32,2022.72,bank_transfer,2026-01-23 12:35:17,"Depok, Indonesia",processing,20.32,2026-01-28
txn_35cdf003,user_00896,prod_00230,2,1080.84,2161.68,111.66,2050.02,debit_card,2025-12-11 12:35:17,"Depok, Indonesia",completed,29.36,2025-12-14
txn_425a5ca2,user_00369,prod_00213,1,1270.95,1270.95,64.41,1206.54,bank_transfer,2026-01-25 12:35:17,"Palembang, Indonesia",completed,18.13,2026-01-27
txn_50a24e53,user_00219,prod_00121,1,818.09,818.09,20.52,797.57,credit_card,2026-02-07 12:35:17,"Makassar, Indonesia",processing,18.44,2026-02-12
txn_91a7087f,user_00651,prod_00426,2,94.05,188.1,7.58,180.52,bank_transfer,2025-12-09 12:35:17,"Bandung, Indonesia",completed,21.31,2025-12-12
txn_f912a8c4,user_00126,prod_00107,3,332.89,998.67,134.02,864.65,bank_transfer,2026-02-04 12:35:17,"Tangerang, Indonesia",completed,26.49,2026-02-07
txn_aac3e54c,user_00105,prod_00066,2,291.08,582.16,109.65,472.51,credit_card,2026-01-05 12:35:17,"Semarang, Indonesia",pending,20.91,2026-01-08
txn_421972ed,user_00423,prod_00442,2,1143.76,2287.52,375.83,1911.69,debit_card,2025-12-14 12:35:17,"Medan, Indonesia",processing,10.47,2025-12-19
txn_4566024b,user_00703,prod_00193,2,746.55,1493.1,55.82,1437.28,bank_transfer,2026-01-04 12:35:17,"Tangerang, Indonesia",cancelled,17.13,2026-01-10
txn_56e5fcfe,user_00816,prod_00115,1,1496.81,1496.81,114.59,1382.22,credit_card,2026-01-25 12:35:17,"Jakarta, Indonesia",pending,22.43,2026-01-30
txn_a10126a0,user_00007,prod_00252,3,1203.6,3610.8,564.83,3045.97,debit_card,2025-11-09 12:35:17,"Palembang, Indonesia",pending,12.55,2025-11-14
txn_ef6225cd,user_00181,prod_00016,2,1789.39,3578.78,669.2,2909.58,credit_card,2026-01-03 12:35:17,"Semarang, Indonesia",processing,29.19,2026-01-09
txn_f4e6595d,user_00118,prod_00352,3,1143.38,3430.14,192.82,3237.32,credit_card,2026-01-01 12:35:17,"Tangerang, Indonesia",completed,19.17,2026-01-04
txn_e4a90bca,user_00337,prod_00007,2,232.39,464.78,10.92,453.86,e_wallet,2025-12-24 12:35:17,"Medan, Indonesia",processing,16.1,2025-12-26
txn_71944724,user_00892,prod_00157,2,973.18,1946.36,304.99,1641.37,debit_card,2026-01-26 12:35:17,"Semarang, Indonesia",cancelled,22.68,2026-02-02
txn_1e4e64af,user_00631,prod_00128,2,969.31,1938.62,331.76,1606.86,credit_card,2026-02-04 12:35:17,"Tangerang, Indonesia",completed,20.53,2026-02-08
txn_e5bf8c10,user_00634,prod_00413,2,587.51,1175.02,40.4,1134.62,bank_transfer,2025-11-18 12:35:17,"Semarang, Indonesia",completed,22.21,2025-11-24
txn_8b0232a2,user_00093,prod_00170,3,1094.5,3283.5,164.08,3119.42,bank_transfer,2025-12-06 12:35:17,"Palembang, Indonesia",completed,11.1,2025-12-11
txn_ab7d676d,user_00875,prod_00420,3,342.25,1026.75,117.61,909.14,e_wallet,2025-12-25 12:35:17,"Jakarta, Indonesia",pending,16.77,2025-12-27
txn_8b76a6f2,user_00934,prod_00239,2,871.12,1742.24,34.15,1708.09,bank_transfer,2026-01-25 12:35:17,"Bandung, Indonesia",processing,13.62,2026-01-28
txn_53720af5,user_00658,prod_00233,3,655.54,1966.62,52.64,1913.98,bank_transfer,2026-02-05 12:35:17,"Medan, Indonesia",completed,12.26,2026-02-09
txn_12a115cd,user_00353,prod_00420,3,342.25,1026.75,159.13,867.62,e_wallet,2025-11-11 12:35:17,"Surabaya, Indonesia",processing,21.82,2025-11-18
txn_0b5e1ce2,user_00301,prod_00318,3,1460.54,4381.62,98.52,4283.1,debit_card,2025-12-25 12:35:17,"Surabaya, Indonesia",pending,11.21,2025-12-28
txn_6f39487e,user_00968,prod_00317,2,297.91,595.82,0.36,595.46,bank_transfer,2025-11-11 12:35:17,"Surabaya, Indonesia",pending,23.58,2025-11-17
txn_553d393b,user_00276,prod_00348,1,1692.08,1692.08,108.02,1584.06,e_wallet,2026-01-22 12:35:17,"Makassar, Indonesia",completed,28.78,2026-01-25
txn_fbee6d8e,user_00913,prod_00164,2,678.94,1357.88,172.25,1185.63,bank_transfer,2025-12-18 12:35:17,"Bandung, Indonesia",completed,24.0,2025-12-24
txn_40689581,user_00914,prod_00321,2,1158.92,2317.84,2.98,2314.86,e_wallet,2025-12-22 12:35:17,"Semarang, Indonesia",pending,18.97,2025-12-24
txn_2f959b9c,user_00650,prod_00035,2,459.89,919.78,12.89,906.89,e_wallet,2025-11-14 12:35:17,"Tangerang, Indonesia",processing,24.36,2025-11-17
txn_0defc91b,user_00750,prod_00431,2,490.23,980.46,175.46,805.0,bank_transfer,2025-11-27 12:35:17,"Medan, Indonesia",pending,15.29,2025-12-01
txn_52709947,user_00244,prod_00401,1,1037.06,1037.06,184.32,852.74,credit_card,2025-11-09 12:35:17,"Tangerang, Indonesia",completed,16.99,2025-11-12
txn_b6de1be5,user_00439,prod_00229,1,1204.39,1204.39,136.18,1068.21,debit_card,2025-12-28 12:35:17,"Tangerang, Indonesia",pending,19.04,2026-01-03
txn_eae03574,user_00340,prod_00464,1,1301.99,1301.99,132.22,1169.77,debit_card,2025-12-24 12:35:17,"Depok, Indonesia",pending,26.38,2025-12-29
txn_36062fb2,user_00768,prod_00176,2,778.57,1557.14,36.97,1520.17,debit_card,2026-01-23 12:35:17,"Jakarta, Indonesia",processing,29.51,2026-01-30
txn_88090d44,user_00578,prod_00153,3,601.72,1805.16,198.76,1606.4,bank_transfer,2026-01-29 12:35:17,"Tangerang, Indonesia",completed,21.12,2026-01-31
txn_e07504d3,user_00634,prod_00336,2,375.05,750.1,44.22,705.88,debit_card,2025-11-09 12:35:17,"Semarang, Indonesia",pending,14.39,2025-11-12
txn_075d5eef,user_00729,prod_00116,3,1104.37,3313.11,65.34,3247.77,bank_transfer,2025-11-20 12:35:17,"Makassar, Indonesia",completed,12.81,2025-11-27
txn_75c488ed,user_00246,prod_00126,3,760.77,2282.31,452.46,1829.85,e_wallet,2025-12-04 12:35:17,"Tangerang, Indonesia",processing,16.13,2025-12-09
txn_c7900512,user_00848,prod_00321,3,1158.92,3476.76,656.53,2820.23,bank_transfer,2025-12-11 12:35:17,"Palembang, Indonesia",pending,29.06,2025-12-13
txn_3a8d8dd2,user_00375,prod_00254,3,1288.26,3864.78,270.63,3594.15,credit_card,2025-12-31 12:35:17,"Depok, Indonesia",pending,19.34,2026-01-03
txn_012901d4,user_00399,prod_00071,3,508.13,1524.39,107.15,1417.24,bank_transfer,2026-02-03 12:35:17,"Bekasi, Indonesia",processing,27.34,2026-02-09
txn_32892fe2,user_00540,prod_00467,3,233.53,700.59,127.3,573.29,bank_transfer,2025-12-06 12:35:17,"Depok, Indonesia",completed,19.16,2025-12-11
txn_1a2c7eb8,user_00574,prod_00425,2,1026.07,2052.14,253.33,1798.81,debit_card,2026-01-26 12:35:17,"Semarang, Indonesia",pending,18.71,2026-01-29
txn_c845c10c,user_00997,prod_00404,3,258.8,776.4,46.73,729.67,e_wallet,2026-01-13 12:35:17,"Depok, Indonesia",processing,13.7,2026-01-16
txn_7542493b,user_00834,prod_00195,1,1099.98,1099.98,45.31,1054.67,e_wallet,2025-12-26 12:35:17,"Bekasi, Indonesia",pending,12.43,2025-12-30
txn_e8b21639,user_00523,prod_00279,3,1172.79,3518.37,676.71,2841.66,credit_card,2025-12-25 12:35:17,"Semarang, Indonesia",completed,26.62,2025-12-29
txn_02350bce,user_00407,prod_00203,2,635.74,1271.48,134.5,1136.98,credit_card,2025-12-05 12:35:17,"Tangerang, Indonesia",pending,27.68,2025-12-11
txn_5553733f,user_00806,prod_00499,3,1014.01,3042.03,591.04,2450.99,debit_card,2025-12-29 12:35:17,"Bandung, Indonesia",completed,14.23,2026-01-03
txn_d83f53cb,user_00444,prod_00429,1,760.41,760.41,104.24,656.17,e_wallet,2025-12-25 12:35:17,"Depok, Indonesia",pending,14.3,2025-12-29
txn_8122564d,user_00161,prod_00240,3,1395.57,4186.71,564.07,3622.64,debit_card,2025-11-16 12:35:17,"Palembang, Indonesia",completed,19.75,2025-11-18
txn_cdf774e3,user_00299,prod_00002,1,713.89,713.89,129.85,584.04,credit_card,2026-01-28 12:35:17,"Tangerang, Indonesia",processing,17.96,2026-02-03
txn_9bc50088,user_00500,prod_00315,2,920.39,1840.78,308.4,1532.38,credit_card,2025-11-17 12:35:17,"Bekasi, Indonesia",completed,15.0,2025-11-19
txn_713aeda2,user_00876,prod_00140,1,1016.36,1016.36,83.7,932.66,credit_card,2025-11-18 12:35:17,"Palembang, Indonesia",completed,14.56,2025-11-24
txn_4a69f8ce,user_00062,prod_00074,3,380.98,1142.94,107.02,1035.92,bank_transfer,2025-12-01 12:35:17,"Makassar, Indonesia",pending,12.31,2025-12-07
txn_36484dd7,user_00405,prod_00497,3,109.84,329.52,1.34,328.18,credit_card,2025-12-29 12:35:17,"Depok, Indonesia",completed,26.86,2026-01-04
txn_b04ceb77,user_00974,prod_00207,3,1863.64,5590.92,89.36,5501.56,e_wallet,2025-12-12 12:35:17,"Bekasi, Indonesia",pending,11.4,2025-12-18
txn_d4f1d86e,user_00498,prod_00260,1,1034.64,1034.64,35.1,999.54,bank_transfer,2025-12-26 12:35:17,"Bandung, Indonesia",pending,26.25,2025-12-30
txn_bc41b730,user_00961,prod_00070,2,1476.11,2952.22,37.63,2914.59,e_wallet,2025-11-29 12:35:17,"Bekasi, Indonesia",completed,11.38,2025-12-04
txn_1254359f,user_00345,prod_00251,2,837.27,1674.54,244.99,1429.55,credit_card,2026-01-21 12:35:17,"Surabaya, Indonesia",completed,22.1,2026-01-25
txn_43c6c226,user_00487,prod_00325,2,969.46,1938.92,287.72,1651.2,e_wallet,2025-11-19 12:35:17,"Bandung, Indonesia",processing,20.54,2025-11-21
txn_8b0e3780,user_00407,prod_00415,1,1455.39,1455.39,188.46,1266.93,e_wallet,2025-12-20 12:35:17,"Tangerang, Indonesia",pending,11.54,2025-12-23
txn_1cd06ebe,user_00359,prod_00119,1,480.47,480.47,57.76,422.71,credit_card,2026-01-16 12:35:17,"Bandung, Indonesia",completed,22.09,2026-01-23
txn_9a0ba7c3,user_00071,prod_00444,3,1029.61,3088.83,399.19,2689.64,debit_card,2025-12-20 12:35:17,"Medan, Indonesia",pending,17.34,2025-12-26
txn_fef1c2e2,user_00817,prod_00278,2,652.03,1304.06,63.17,1240.89,bank_transfer,2026-01-26 12:35:17,"Depok, Indonesia",pending,25.45,2026-01-31
txn_ce34f98e,user_00885,prod_00375,1,368.06,368.06,53.76,314.3,bank_transfer,2026-01-28 12:35:17,"Surabaya, Indonesia",completed,27.91,2026-02-04
txn_9de47e3f,user_00667,prod_00434,1,203.07,203.07,23.22,179.85,bank_transfer,2025-12-17 12:35:17,"Depok, Indonesia",completed,18.88,2025-12-22
txn_9218fb19,user_00051,prod_00474,3,166.86,500.58,93.09,407.49,credit_card,2026-01-28 12:35:17,"Depok, Indonesia",processing,24.03,2026-02-04
txn_b57fc3cc,user_00560,prod_00431,2,490.23,980.46,172.08,808.38,debit_card,2025-11-29 12:35:17,"Palembang, Indonesia",processing,15.74,2025-12-01
txn_7daf2586,user_00330,prod_00283,1,1141.64,1141.64,202.07,939.57,debit_card,2026-01-11 12:35:17,"Jakarta, Indonesia",completed,10.18,2026-01-18
txn_f398a7fa,user_00978,prod_00270,2,1336.19,2672.38,482.15,2190.23,bank_transfer,2026-01-12 12:35:17,"Semarang, Indonesia",processing,18.45,2026-01-14
txn_96b84435,user_00590,prod_00210,2,766.32,1532.64,44.75,1487.89,bank_transfer,2025-12-10 12:35:17,"Jakarta, Indonesia",completed,13.14,2025-12-12
txn_47a8719d,user_00785,prod_00069,1,43.48,43.48,1.77,41.71,bank_transfer,2025-11-10 12:35:17,"Makassar, Indonesia",completed,18.71,2025-11-14
txn_f98a1936,user_00702,prod_00173,1,804.57,804.57,41.91,762.66,debit_card,2026-01-22 12:35:17,"Bandung, Indonesia",completed,10.62,2026-01-29
txn_37945fce,user_00313,prod_00238,2,148.1,296.2,36.55,259.65,debit_card,2025-12-24 12:35:17,"Makassar, Indonesia",pending,15.08,2025-12-26
txn_04a89371,user_00253,prod_00084,1,1584.23,1584.23,14.95,1569.28,debit_card,2026-01-24 12:35:17,"Palembang, Indonesia",pending,29.21,2026-01-30
txn_6fadfaa2,user_00154,prod_00078,1,733.29,733.29,114.71,618.58,debit_card,2025-12-20 12:35:17,"Semarang, Indonesia",processing,15.44,2025-12-24
txn_37f3eab7,user_00186,prod_00360,2,1726.0,3452.0,264.9,3187.1,debit_card,2025-11-11 12:35:17,"Bandung, Indonesia",completed,21.87,2025-11-18
txn_30b5f39d,user_00282,prod_00242,1,1008.12,1008.12,76.39,931.73,e_wallet,2025-11-15 12:35:17,"Medan, Indonesia",completed,28.64,2025-11-19
txn_2a2602d0,user_00756,prod_00079,3,736.15,2208.45,119.59,2088.86,bank_transfer,2025-11-13 12:35:17,"Medan, Indonesia",processing,26.77,2025-11-17
txn_39e38c4c,user_00561,prod_00339,2,718.08,1436.16,117.2,1318.96,e_wallet,2025-12-03 12:35:17,"Makassar, Indonesia",completed,16.63,2025-12-05
txn_7808053e,user_00903,prod_00022,2,1105.39,2210.78,293.18,1917.6,debit_card,2025-11-29 12:35:17,"Surabaya, Indonesia",pending,29.65,2025-12-01
txn_185a13ea,user_00787,prod_00386,1,1629.35,1629.35,171.32,1458.03,debit_card,2026-01-10 12:35:17,"Medan, Indonesia",completed,28.24,2026-01-14
txn_03039495,user_00998,prod_00032,2,1295.9,2591.8,171.93,2419.87,credit_card,2025-12-22 12:35:17,"Bekasi, Indonesia",processing,16.2,2025-12-29
txn_f4559f13,user_00116,prod_00115,1,1496.81,1496.81,244.81,1252.0,debit_card,2026-02-04 12:35:17,"Jakarta, Indonesia",completed,13.92,2026-02-09
txn_2aaa2040,user_00838,prod_00414,3,773.72,2321.16,317.67,2003.49,e_wallet,2026-02-05 12:35:17,"Tangerang, Indonesia",completed,29.83,2026-02-07
txn_829cf704,user_00704,prod_00202,1,806.9,806.9,0.59,806.31,e_wallet,2026-01-11 12:35:17,"Bekasi, Indonesia",processing,20.61,2026-01-17
txn_70220ddd,user_00956,prod_00133,2,359.46,718.92,68.16,650.76,credit_card,2025-12-20 12:35:17,"Jakarta, Indonesia",pending,28.77,2025-12-27
txn_55251685,user_00351,prod_00441,2,1034.9,2069.8,344.01,1725.79,bank_transfer,2026-01-23 12:35:17,"Jakarta, Indonesia",completed,12.69,2026-01-30
txn_8a2f4b86,user_00802,prod_00254,1,1288.26,1288.26,215.16,1073.1,credit_card,2026-02-01 12:35:17,"Bekasi, Indonesia",processing,21.65,2026-02-08
txn_833e232f,user_00926,prod_00250,3,1331.8,3995.4,484.97,3510.43,debit_card,2025-11-16 12:35:17,"Bekasi, Indonesia",processing,21.28,2025-11-22
txn_bb206999,user_00413,prod_00199,2,1177.08,2354.16,452.04,1902.12,debit_card,2026-01-26 12:35:17,"Bandung, Indonesia",completed,22.39,2026-01-29
txn_1b274f89,user_00788,prod_00283,2,1141.64,2283.28,216.32,2066.96,debit_card,2025-11-13 12:35:17,"Makassar, Indonesia",pending,24.5,2025-11-17
txn_97337b5d,user_00799,prod_00044,1,101.72,101.72,15.74,85.98,bank_transfer,2025-12-05 12:35:17,"Bekasi, Indonesia",completed,17.2,2025-12-10
txn_38c1ae3c,user_00341,prod_00092,3,728.97,2186.91,124.97,2061.94,credit_card,2025-11-26 12:35:17,"Bandung, Indonesia",cancelled,16.38,2025-11-28
txn_06e1edff,user_00372,prod_00213,1,1270.95,1270.95,9.06,1261.89,e_wallet,2026-01-18 12:35:17,"Medan, Indonesia",completed,19.19,2026-01-20
txn_e72f46f9,user_00511,prod_00435,1,1335.42,1335.42,69.74,1265.68,e_wallet,2025-12-22 12:35:17,"Medan, Indonesia",processing,14.7,2025-12-29
txn_2a2da543,user_00026,prod_00320,3,835.58,2506.74,349.56,2157.18,e_wallet,2025-11-26 12:35:17,"Depok, Indonesia",completed,24.08,2025-11-29
txn_fbe1c31f,user_00466,prod_00294,1,1575.89,1575.89,254.73,1321.16,debit_card,2026-02-01 12:35:17,"Semarang, Indonesia",pending,27.1,2026-02-07
txn_93585513,user_00461,prod_00225,2,699.63,1399.26,238.34,1160.92,credit_card,2025-12-02 12:35:17,"Palembang, Indonesia",processing,28.95,2025-12-08
txn_d8eb9657,user_00166,prod_00224,2,964.47,1928.94,275.63,1653.31,bank_transfer,2026-01-05 12:35:17,"Bekasi, Indonesia",pending,25.94,2026-01-12
txn_9cef6e42,user_00538,prod_00248,1,347.8,347.8,25.95,321.85,credit_card,2025-11-18 12:35:17,"Tangerang, Indonesia",completed,25.74,2025-11-25
txn_96d0ec06,user_00592,prod_00193,2,746.55,1493.1,135.08,1358.02,debit_card,2025-11-28 12:35:17,"Bekasi, Indonesia",pending,28.83,2025-12-01
txn_f2c29bdb,user_00947,prod_00043,1,1310.24,1310.24,184.13,1126.11,bank_transfer,2025-12-27 12:35:17,"Semarang, Indonesia",completed,11.8,2025-12-31
txn_d89d8e98,user_00801,prod_00389,2,1014.75,2029.5,58.41,1971.09,debit_card,2026-01-19 12:35:17,"Bekasi, Indonesia",pending,11.21,2026-01-25
txn_dd47fa9e,user_00988,prod_00072,3,1435.8,4307.4,710.99,3596.41,credit_card,2025-12-23 12:35:17,"Jakarta, Indonesia",pending,15.45,2025-12-26
txn_0352c0a2,user_00022,prod_00493,2,1084.21,2168.42,239.54,1928.88,credit_card,2025-12-30 12:35:17,"Tangerang, Indonesia",processing,11.57,2026-01-05
txn_74a0636e,user_00638,prod_00171,2,1437.12,2874.24,442.63,2431.61,bank_transfer,2025-11-30 12:35:17,"Bandung, Indonesia",processing,12.87,2025-12-06
txn_71c5cdb2,user_00815,prod_00031,2,115.42,230.84,22.14,208.7,credit_card,2025-11-18 12:35:17,"Bekasi, Indonesia",pending,24.14,2025-11-25
txn_58306062,user_00979,prod_00427,1,441.8,441.8,58.42,383.38,e_wallet,2025-11-16 12:35:17,"Surabaya, Indonesia",cancelled,23.95,2025-11-18
txn_20a1565d,user_00637,prod_00134,2,1467.6,2935.2,231.27,2703.93,debit_card,2025-12-15 12:35:17,"Tangerang, Indonesia",pending,22.9,2025-12-22
txn_8b3ab18f,user_00289,prod_00053,3,809.55,2428.65,23.57,2405.08,debit_card,2026-01-07 12:35:17,"Palembang, Indonesia",completed,14.86,2026-01-12
txn_7fa75c10,user_00985,prod_00451,1,706.23,706.23,15.9,690.33,debit_card,2026-01-11 12:35:17,"Bandung, Indonesia",pending,19.72,2026-01-13
txn_14ead683,user_00301,prod_00220,1,348.33,348.33,67.93,280.4,bank_transfer,2025-11-18 12:35:17,"Surabaya, Indonesia",cancelled,25.97,2025-11-21
txn_80fee57f,user_00274,prod_00340,2,1294.11,2588.22,44.47,2543.75,credit_card,2025-12-13 12:35:17,"Bandung, Indonesia",cancelled,23.03,2025-12-20
txn_f38055d4,user_00778,prod_00425,2,1026.07,2052.14,400.18,1651.96,e_wallet,2025-12-23 12:35:17,"Depok, Indonesia",completed,12.84,2025-12-29
txn_a0b48845,user_00188,prod_00072,2,1435.8,2871.6,543.07,2328.53,e_wallet,2025-12-12 12:35:17,"Palembang, Indonesia",pending,11.72,2025-12-16
txn_3c24c5c7,user_00477,prod_00352,1,1143.38,1143.38,83.45,1059.93,bank_transfer,2025-11-23 12:35:17,"Surabaya, Indonesia",processing,25.19,2025-11-26
